symbol,R1,R2,R3,S1,S2,S3
360ONE,1133.7575,1139.615,1145.4725,1122.0425,1116.185,1110.3275
3MINDIA,34821.04167,34892.08333,34963.125,34678.95833,34607.91667,34536.875
AADHARHFC,481.9,482.45,483,480.8,480.25,479.7
AARTIIND,370.0395833,370.4291667,370.81875,369.2604167,368.8708333,368.48125
AAVAS,1485.565,1489.03,1492.495,1478.635,1475.17,1471.705
ABB,5180.475,5188.45,5196.425,5164.525,5156.55,5148.575
ABBOTINDIA,28888.5,28927,28965.5,28811.5,28773,28734.5
ACC,1818.490833,1821.781667,1825.0725,1811.909167,1808.618333,1805.3275
ACMESOLAR,219.7148333,220.1896667,220.6645,218.7651667,218.2903333,217.8155
ACE,978.09375,979.5375,980.98125,975.20625,973.7625,972.31875
ADANIENSOL,972.95125,974.2025,975.45375,970.44875,969.1975,967.94625
ADANIENT,2222.3275,2226.755,2231.1825,2213.4725,2209.045,2204.6175
ADANIGREEN,1015.260833,1017.121667,1018.9825,1011.539167,1009.678333,1007.8175
ADANIPORTS,1507.3325,1509.065,1510.7975,1503.8675,1502.135,1500.4025
ADANIPOWER,143.14525,143.5605,143.97575,142.31475,141.8995,141.48425
ATGL,593.5408333,594.0816667,594.6225,592.4591667,591.9183333,591.3775
ABSLAMC,728.5908333,729.6816667,730.7725,726.4091667,725.3183333,724.2275
ABCAPITAL,349.6979167,349.9958333,350.29375,349.1020833,348.8041667,348.50625
ABFRL,76.49641667,76.61283333,76.72925,76.26358333,76.14716667,76.03075
ABLBL,132.4765,132.713,132.9495,132.0035,131.767,131.5305
ABREL,1782.335,1787.67,1793.005,1771.665,1766.33,1760.995
AEGISLOG,762.6745833,763.9991667,765.32375,760.0254167,758.7008333,757.37625
AEGISVOPAK,265.01875,266.1875,267.35625,262.68125,261.5125,260.34375
AFCONS,400.6575,401.015,401.3725,399.9425,399.585,399.2275
AFFLE,1648.798333,1651.896667,1654.995,1642.601667,1639.503333,1636.405
AIAENG,3853.195833,3862.591667,3871.9875,3834.404167,3825.008333,3815.6125
AJANTPHARM,2634.733333,2640.966667,2647.2,2622.266667,2616.033333,2609.8
AKUMS,420.7766667,421.2533333,421.73,419.8233333,419.3466667,418.87
AKZOINDIA,3554.7075,3567.715,3580.7225,3528.6925,3515.685,3502.6775
APLLTD,903.2808333,904.8116667,906.3425,900.2191667,898.6883333,897.1575
ALKEM,5663.995833,5668.991667,5673.9875,5654.004167,5649.008333,5644.0125
ALKYLAMINE,1661.571667,1664.743333,1667.915,1655.228333,1652.056667,1648.885
ALOKINDS,16.38016667,16.40033333,16.4205,16.33983333,16.31966667,16.2995
ARE&M,941.2395833,942.1791667,943.11875,939.3604167,938.4208333,937.48125
AMBER,6783.641667,6817.283333,6850.925,6716.358333,6682.716667,6649.075
AMBUJACEM,538.3575,539.815,541.2725,535.4425,533.985,532.5275
ANANDRATHI,2939.085833,2943.971667,2948.8575,2929.314167,2924.428333,2919.5425
ANANTRAJ,541.5875,542.825,544.0625,539.1125,537.875,536.6375
ANGELONE,2631.141667,2637.283333,2643.425,2618.858333,2612.716667,2606.575
APARINDS,8867.3,8887.1,8906.9,8827.7,8807.9,8788.1
APLAPOLLO,1775.035833,1777.171667,1779.3075,1770.764167,1768.628333,1766.4925
APOLLOHOSP,7207.370833,7213.741667,7220.1125,7194.629167,7188.258333,7181.8875
APOLLOTYRE,531.7641667,532.9283333,534.0925,529.4358333,528.2716667,527.1075
APTUS,284.8804167,285.8108333,286.74125,283.0195833,282.0891667,281.15875
ASAHIINDIA,1053.999167,1056.098333,1058.1975,1049.800833,1047.701667,1045.6025
ASHOKLEY,160.54275,160.8755,161.20825,159.87725,159.5445,159.21175
ASIANPAINT,2961.939167,2966.678333,2971.4175,2952.460833,2947.721667,2942.9825
ASTERDM,654.3408333,655.4316667,656.5225,652.1591667,651.0683333,649.9775
ASTRAL,1444.5775,1448.455,1452.3325,1436.8225,1432.945,1429.0675
ASTRAZEN,9220.691667,9238.383333,9256.075,9185.308333,9167.616667,9149.925
ATHERENERG,676.06375,679.9275,683.79125,668.33625,664.4725,660.60875
ATUL,5764.754167,5773.508333,5782.2625,5747.245833,5738.491667,5729.7375
AUBANK,949.69875,950.6475,951.59625,947.80125,946.8525,945.90375
AUROPHARMA,1224.7225,1226.345,1227.9675,1221.4775,1219.855,1218.2325
AIIL,2604.005,2607.91,2611.815,2596.195,2592.29,2588.385
DMART,3916.755833,3920.211667,3923.6675,3909.844167,3906.388333,3902.9325
AWL,249.6854167,250.1208333,250.55625,248.8145833,248.3791667,247.94375
AXISBANK,1281.228333,1282.456667,1283.685,1278.771667,1277.543333,1276.315
BAJAJ-AUTO,9094.808333,9104.616667,9114.425,9075.191667,9065.383333,9055.575
BAJFINANCE,1030.594167,1032.088333,1033.5825,1027.605833,1026.111667,1024.6175
BAJAJFINSV,2051.7575,2054.315,2056.8725,2046.6425,2044.085,2041.5275
BAJAJHLDNG,11145.40833,11172.81667,11200.225,11090.59167,11063.18333,11035.775
BAJAJHFL,96.51258333,96.71516667,96.91775,96.10741667,95.90483333,95.70225
BALKRISIND,2407.631667,2411.463333,2415.295,2399.968333,2396.136667,2392.305
BALRAMCHIN,442.5095833,443.1191667,443.72875,441.2904167,440.6808333,440.07125
BANDHANBNK,146.30975,146.4995,146.68925,145.93025,145.7405,145.55075
BANKBARODA,288.59875,288.9975,289.39625,287.80125,287.4025,287.00375
BANKINDIA,141.79775,142.0755,142.35325,141.24225,140.9645,140.68675
MAHABANK,57.06,57.17,57.28,56.84,56.73,56.62
BASF,4069.504167,4075.508333,4081.5125,4057.495833,4051.491667,4045.4875
BATAINDIA,962.4175,964.535,966.6525,958.1825,956.065,953.9475
BAYERCROP,4515.890833,4525.781667,4535.6725,4496.109167,4486.218333,4476.3275
BEML,1769.5625,1773.825,1778.0875,1761.0375,1756.775,1752.5125
BERGEPAINT,557.1125,558.075,559.0375,555.1875,554.225,553.2625
BDL,1533.1425,1538.285,1543.4275,1522.8575,1517.715,1512.5725
BEL,407.8604167,408.5708333,409.28125,406.4395833,405.7291667,405.01875
BHARATFORG,1397.013333,1399.726667,1402.44,1391.586667,1388.873333,1386.16
BPCL,356.7425,357.485,358.2275,355.2575,354.515,353.7725
BHARTIARTL,2106.953333,2110.106667,2113.26,2100.646667,2097.493333,2094.34
BHARTIHEXA,1768.933333,1772.966667,1777,1760.866667,1756.833333,1752.8
BHEL,276.2220833,276.6941667,277.16625,275.2779167,274.8058333,274.33375
BIKAJI,714.8475,717.295,719.7425,709.9525,707.505,705.0575
BIOCON,390.8754167,393.4008333,395.92625,385.8245833,383.2991667,380.77375
BSOFT,438.0220833,440.1441667,442.26625,433.7779167,431.6558333,429.53375
BLS,333.1083333,334.6666667,336.225,329.9916667,328.4333333,326.875
BLUEDART,5598.6,5605.2,5611.8,5585.4,5578.8,5572.2
BLUEJET,557.1375,559.475,561.8125,552.4625,550.125,547.7875
BLUESTARCO,1754.783333,1757.166667,1759.55,1750.016667,1747.633333,1745.25
BBTC,1860.006667,1863.013333,1866.02,1853.993333,1850.986667,1847.98
BOSCHLTD,36907.33333,36969.66667,37032,36782.66667,36720.33333,36658
FIRSTCRY,298.5104167,299.2208333,299.93125,297.0895833,296.3791667,295.66875
BRIGADE,893.42,895.29,897.16,889.68,887.81,885.94
BRITANNIA,5881.816667,5887.133333,5892.45,5871.183333,5865.866667,5860.55
BSE,2770.041667,2775.083333,2780.125,2759.958333,2754.916667,2749.875
MAPMYINDIA,1682.345,1685.59,1688.835,1675.855,1672.61,1669.365
CAMPUS,273.5529167,273.9058333,274.25875,272.8470833,272.4941667,272.14125
CANFINHOME,894.05625,895.3625,896.66875,891.44375,890.1375,888.83125
CANBK,147.6631667,147.9363333,148.2095,147.1168333,146.8436667,146.5705
CAPLIPOINT,1986.421667,1996.743333,2007.065,1965.778333,1955.456667,1945.135
CGCL,188.0339167,188.3978333,188.76175,187.3060833,186.9421667,186.57825
CARBORUNIV,881.3683333,883.0366667,884.705,878.0316667,876.3633333,874.695
CASTROLIND,191.4156667,191.5513333,191.687,191.1443333,191.0086667,190.873
CCL,979.6875,982.575,985.4625,973.9125,971.025,968.1375
CEATLTD,3899.0675,3909.435,3919.8025,3878.3325,3867.965,3857.5975
CENTRALBK,37.11591667,37.17183333,37.22775,37.00408333,36.94816667,36.89225
CDSL,1538.9125,1541.525,1544.1375,1533.6875,1531.075,1528.4625
CENTURYPLY,800.8933333,802.8366667,804.78,797.0066667,795.0633333,793.12
CERA,5413.479167,5421.958333,5430.4375,5396.520833,5388.041667,5379.5625
CESC,176.1505,176.431,176.7115,175.5895,175.309,175.0285
CGPOWER,663.0970833,663.8441667,664.59125,661.6029167,660.8558333,660.10875
CHALET,899.2183333,901.4366667,903.655,894.7816667,892.5633333,890.345
CHAMBLFERT,433.8720833,434.3441667,434.81625,432.9279167,432.4558333,431.98375
CHENNPETRO,932.9075,935.465,938.0225,927.7925,925.235,922.6775
CHOICEIN,783.89,787.08,790.27,777.51,774.32,771.13
CHOLAHLDNG,1886.523333,1890.446667,1894.37,1878.676667,1874.753333,1870.83
CHOLAFIN,1678.248333,1680.796667,1683.345,1673.151667,1670.603333,1668.055
CIPLA,1523.071667,1525.143333,1527.215,1518.928333,1516.856667,1514.785
CUB,270.65875,271.7175,272.77625,268.54125,267.4825,266.42375
CLEAN,891.6170833,892.5841667,893.55125,889.6829167,888.7158333,887.74875
COALINDIA,379.5954167,380.1408333,380.68625,378.5045833,377.9591667,377.41375
COCHINSHIP,1643.516667,1646.633333,1649.75,1637.283333,1634.166667,1631.05
COFORGE,1972.451667,1978.703333,1984.955,1959.948333,1953.696667,1947.445
COHANCE,549.9983333,550.8966667,551.795,548.2016667,547.3033333,546.405
COLPAL,2142.188333,2146.276667,2150.365,2134.011667,2129.923333,2125.835
CAMS,3966.728333,3976.756667,3986.785,3946.671667,3936.643333,3926.615
CONCORDBIO,1404.551667,1407.503333,1410.455,1398.648333,1395.696667,1392.745
CONCOR,513.4929167,514.2858333,515.07875,511.9070833,511.1141667,510.32125
COROMANDEL,2306.066667,2308.633333,2311.2,2300.933333,2298.366667,2295.8
CRAFTSMAN,7049.041667,7059.583333,7070.125,7027.958333,7017.416667,7006.875
CREDITACC,1350.648333,1354.296667,1357.945,1343.351667,1339.703333,1336.055
CRISIL,4435.579167,4445.158333,4454.7375,4416.420833,4406.841667,4397.2625
CROMPTON,259.5141667,260.1283333,260.7425,258.2858333,257.6716667,257.0575
CUMMINSIND,4470.529167,4481.758333,4492.9875,4448.070833,4436.841667,4425.6125
CYIENT,1179.2625,1181.325,1183.3875,1175.1375,1173.075,1171.0125
DABUR,508.8058333,509.5116667,510.2175,507.3941667,506.6883333,505.9825
DALBHARAT,1993.114167,1995.928333,1998.7425,1987.485833,1984.671667,1981.8575
DATAPATTNS,2905.15,2913.4,2921.65,2888.65,2880.4,2872.15
DCMSHRIRAM,1229.071667,1231.143333,1233.215,1224.928333,1222.856667,1220.785
DEEPAKFERT,1323.605833,1326.511667,1329.4175,1317.794167,1314.888333,1311.9825
DEEPAKNTR,1536.916667,1540.033333,1543.15,1530.683333,1527.566667,1524.45
DELHIVERY,402.1820833,402.7641667,403.34625,401.0179167,400.4358333,399.85375
DEVYANI,139.5543333,140.1886667,140.823,138.2856667,137.6513333,137.017
DIVISLAB,6476.2875,6483.575,6490.8625,6461.7125,6454.425,6447.1375
DIXON,13746.41667,13785.83333,13825.25,13667.58333,13628.16667,13588.75
DLF,710.1475,710.945,711.7425,708.5525,707.755,706.9575
DOMS,2637.293333,2643.086667,2648.88,2625.706667,2619.913333,2614.12
AGARWALEYE,504.5233333,505.6966667,506.87,502.1766667,501.0033333,499.83
LALPATHLAB,3062.056667,3070.013333,3077.97,3046.143333,3038.186667,3030.23
DRREDDY,1279.2225,1280.845,1282.4675,1275.9775,1274.355,1272.7325
ECLERX,4905.345,4914.09,4922.835,4887.855,4879.11,4870.365
EICHERMOT,7109.258333,7118.516667,7127.775,7090.741667,7081.483333,7072.225
EIDPARRY,1035.4725,1036.545,1037.6175,1033.3275,1032.255,1031.1825
EIHOTEL,378.3895833,378.7791667,379.16875,377.6104167,377.2208333,376.83125
ELECON,480.7604167,482.0208333,483.28125,478.2395833,476.9791667,475.71875
ELGIEQUIP,493.1595833,494.8691667,496.57875,489.7404167,488.0308333,486.32125
EMAMILTD,516.9395833,517.3291667,517.71875,516.1604167,515.7708333,515.38125
EMCURE,1408.156667,1412.813333,1417.47,1398.843333,1394.186667,1389.53
ENDURANCE,2655.908333,2660.216667,2664.525,2647.291667,2642.983333,2638.675
ENGINERSIN,202.17,202.72,203.27,201.07,200.52,199.97
ERIS,1562.118333,1564.336667,1566.555,1557.681667,1555.463333,1553.245
ESCORTS,3740.995833,3748.191667,3755.3875,3726.604167,3719.408333,3712.2125
ETERNAL,296.3183333,296.8866667,297.455,295.1816667,294.6133333,294.045
EXIDEIND,381.27125,382.1925,383.11375,379.42875,378.5075,377.58625
FACT,839.6383333,840.9766667,842.315,836.9616667,835.6233333,834.285
FEDERALBNK,259.0304167,259.4108333,259.79125,258.2695833,257.8891667,257.50875
FINCABLES,741.6629167,742.6758333,743.68875,739.6370833,738.6241667,737.61125
FINPIPE,170.84575,171.2115,171.57725,170.11425,169.7485,169.38275
FSL,351.1141667,351.7283333,352.3425,349.8858333,349.2716667,348.6575
FIVESTAR,592.6541667,595.3583333,598.0625,587.2458333,584.5416667,581.8375
FORCEMOT,17613.925,17659.85,17705.775,17522.075,17476.15,17430.225
FORTIS,890.0304167,891.5108333,892.99125,887.0695833,885.5891667,884.10875
NYKAA,255.8758333,256.2516667,256.6275,255.1241667,254.7483333,254.3725
GAIL,170.8243333,171.0186667,171.213,170.4356667,170.2413333,170.047
GRSE,2555.591667,2560.083333,2564.575,2546.608333,2542.116667,2537.625
GVT&D,2816.274167,2827.448333,2838.6225,2793.925833,2782.751667,2771.5775
GICRE,384.9316667,385.4633333,385.995,383.8683333,383.3366667,382.805
GILLETTE,8562.591667,8590.183333,8617.775,8507.408333,8479.816667,8452.225
GLAND,1739.9875,1745.075,1750.1625,1729.8125,1724.725,1719.6375
GLAXO,2514.8425,2518.885,2522.9275,2506.7575,2502.715,2498.6725
GLENMARK,1976.073333,1978.346667,1980.62,1971.526667,1969.253333,1966.98
MEDANTA,1203.5775,1206.355,1209.1325,1198.0225,1195.245,1192.4675
GMRAIRPORT,103.335,103.61,103.885,102.785,102.51,102.235
GODIGIT,346.5708333,346.8916667,347.2125,345.9291667,345.6083333,345.2875
GPIL,236.80475,237.7095,238.61425,234.99525,234.0905,233.18575
GODFRYPHLP,2786.273333,2791.846667,2797.42,2775.126667,2769.553333,2763.98
GODREJAGRO,588.1666667,589.0833333,590,586.3333333,585.4166667,584.5
GODREJCP,1134.708333,1136.816667,1138.925,1130.491667,1128.383333,1126.275
GODREJIND,1005.016667,1009.233333,1013.45,996.5833333,992.3666667,988.15
GODREJPROP,2083.908333,2088.216667,2092.525,2075.291667,2070.983333,2066.675
GRANULES,567.3075,568.215,569.1225,565.4925,564.585,563.6775
GRAPHITE,545.1270833,546.2041667,547.28125,542.9729167,541.8958333,540.81875
GRASIM,2733.379167,2736.358333,2739.3375,2727.420833,2724.441667,2721.4625
GRAVITA,1803.783333,1807.266667,1810.75,1796.816667,1793.333333,1789.85
FLUOROCHEM,3352.780833,3357.061667,3361.3425,3344.219167,3339.938333,3335.6575
GUJGASLTD,410.18,411.06,411.94,408.42,407.54,406.66
GMDCLTD,531.5570833,533.5141667,535.47125,527.6429167,525.6858333,523.72875
GSPL,296.1879167,296.9258333,297.66375,294.7120833,293.9741667,293.23625
HAPPSTMNDS,513.305,515.56,517.815,508.795,506.54,504.285
HAVELLS,1435.296667,1437.093333,1438.89,1431.703333,1429.906667,1428.11
HBLENGINE,813.7429167,817.2858333,820.82875,806.6570833,803.1141667,799.57125
HCLTECH,1657.065833,1659.531667,1661.9975,1652.134167,1649.668333,1647.2025
HDFCAMC,2598.346667,2600.693333,2603.04,2593.653333,2591.306667,2588.96
HDFCBANK,998.2725,999.345,1000.4175,996.1275,995.055,993.9825
HDFCLIFE,762.7066667,764.6133333,766.52,758.8933333,756.9866667,755.08
HEG,524.3420833,525.5841667,526.82625,521.8579167,520.6158333,519.37375
HEROMOTOCO,6350.220833,6360.441667,6370.6625,6329.779167,6319.558333,6309.3375
HEXT,793.84375,799.1375,804.43125,783.25625,777.9625,772.66875
HFCL,70.7945,71.119,71.4435,70.1455,69.821,69.4965
HSCL,464.5729167,466.7958333,469.01875,460.1270833,457.9041667,455.68125
HINDALCO,812.38125,813.9625,815.54375,809.21875,807.6375,806.05625
HAL,4506.214167,4515.628333,4525.0425,4487.385833,4477.971667,4468.5575
HINDCOPPER,368.1333333,370.5166667,372.9,363.3666667,360.9833333,358.6
HINDPETRO,448.7520833,449.5541667,450.35625,447.1479167,446.3458333,445.54375
HINDUNILVR,2467.681667,2473.163333,2478.645,2456.718333,2451.236667,2445.755
HINDZINC,498.125,499.5,500.875,495.375,494,492.625
POWERINDIA,20250.45833,20415.91667,20581.375,19919.54167,19754.08333,19588.625
HOMEFIRST,1086.898333,1088.896667,1090.895,1082.901667,1080.903333,1078.905
HONASA,278.5854167,279.0208333,279.45625,277.7145833,277.2791667,276.84375
HONAUT,34916.91667,34983.83333,35050.75,34783.08333,34716.16667,34649.25
HUDCO,222.8708333,223.4116667,223.9525,221.7891667,221.2483333,220.7075
HYUNDAI,2376.549167,2380.298333,2384.0475,2369.050833,2365.301667,2361.5525
ICICIBANK,1387.7725,1388.845,1389.9175,1385.6275,1384.555,1383.4825
ICICIGI,1986.025,1989.05,1992.075,1979.975,1976.95,1973.925
ICICIPRULI,616.3216667,617.2933333,618.265,614.3783333,613.4066667,612.435
IDBI,97.79675,97.9535,98.11025,97.48325,97.3265,97.16975
IDFCFIRSTB,79.98816667,80.09633333,80.2045,79.77183333,79.66366667,79.5555
IFCI,49.80791667,49.88583333,49.96375,49.65208333,49.57416667,49.49625
IIFL,567.6745833,568.9991667,570.32375,565.0254167,563.7008333,562.37625
INDGN,536.1866667,537.3233333,538.46,533.9133333,532.7766667,531.64
INDIAMART,2295.9025,2299.505,2303.1075,2288.6975,2285.095,2281.4925
INDIANB,804.2958333,805.9916667,807.6875,800.9041667,799.2083333,797.5125
IEX,148.3535,148.777,149.2005,147.5065,147.083,146.6595
IOC,163.0065833,163.2531667,163.49975,162.5134167,162.2668333,162.02025
IOB,37.834,37.878,37.922,37.746,37.702,37.658
IRCTC,674.785,675.72,676.655,672.915,671.98,671.045
IRFC,114.9875,115.125,115.2625,114.7125,114.575,114.4375
IREDA,136.9791667,137.2083333,137.4375,136.5208333,136.2916667,136.0625
IGL,194.02625,194.3425,194.65875,193.39375,193.0775,192.76125
INDUSTOWER,402.8891667,403.7783333,404.6675,401.1108333,400.2216667,399.3325
INDUSINDBK,865.7591667,868.5183333,871.2775,860.2408333,857.4816667,854.7225
NAUKRI,1398.9225,1401.645,1404.3675,1393.4775,1390.755,1388.0325
INFY,1600.441667,1603.283333,1606.125,1594.758333,1591.916667,1589.075
INOXINDIA,1155.7025,1157.105,1158.5075,1152.8975,1151.495,1150.0925
INOXWIND,130.0233333,130.2066667,130.39,129.6566667,129.4733333,129.29
INTELLECT,1092.7525,1095.805,1098.8575,1086.6475,1083.595,1080.5425
INDIGO,5452.633333,5468.766667,5484.9,5420.366667,5404.233333,5388.1
IGIL,325.1908333,325.7316667,326.2725,324.1091667,323.5683333,323.0275
IKS,1670.065,1673.53,1676.995,1663.135,1659.67,1656.205
IPCALAB,1458.000833,1461.401667,1464.8025,1451.199167,1447.798333,1444.3975
IRB,43.07233333,43.13466667,43.197,42.94766667,42.88533333,42.823
IRCON,154.32325,154.4965,154.66975,153.97675,153.8035,153.63025
ITCHOTELS,207.9473333,208.1746667,208.402,207.4926667,207.2653333,207.038
ITC,403.4625,403.875,404.2875,402.6375,402.225,401.8125
ITI,303.4629167,303.9258333,304.38875,302.5370833,302.0741667,301.61125
J&KBANK,103.7475833,103.8951667,104.04275,103.4524167,103.3048333,103.15725
JBCHEPHARM,1828.4375,1835.175,1841.9125,1814.9625,1808.225,1801.4875
JPPOWER,19.07041667,19.12083333,19.17125,18.96958333,18.91916667,18.86875
JBMA,603.2391667,604.1283333,605.0175,601.4608333,600.5716667,599.6825
JINDALSAW,164.2511667,164.5023333,164.7535,163.7488333,163.4976667,163.2465
JSL,748.9866667,750.1233333,751.26,746.7133333,745.5766667,744.44
JINDALSTEL,1008.119167,1010.438333,1012.7575,1003.480833,1001.161667,998.8425
JIOFIN,302.56625,302.8825,303.19875,301.93375,301.6175,301.30125
JKCEMENT,5633.075,5647.65,5662.225,5603.925,5589.35,5574.775
JKTYRE,475.6270833,477.2541667,478.88125,472.3729167,470.7458333,469.11875
JMFINANCIL,144.2693333,144.8486667,145.428,143.1106667,142.5313333,141.952
JSWENERGY,461.2616667,462.6733333,464.085,458.4383333,457.0266667,455.615
JSWINFRA,268.6791667,268.9083333,269.1375,268.2208333,267.9916667,267.7625
JSWSTEEL,1152.6075,1154.615,1156.6225,1148.5925,1146.585,1144.5775
JUBLFOOD,591.4729167,592.0458333,592.61875,590.3270833,589.7541667,589.18125
JUBLINGREA,690.6,692.8,695,686.2,684,681.8
JUBLPHARMA,1070.396667,1073.293333,1076.19,1064.603333,1061.706667,1058.81
JWL,275.7220833,276.1941667,276.66625,274.7779167,274.3058333,273.83375
JYOTHYLAB,294.165,294.88,295.595,292.735,292.02,291.305
JYOTICNC,963.7716667,965.8433333,967.915,959.6283333,957.5566667,955.485
KAJARIACER,1062.003333,1063.506667,1065.01,1058.996667,1057.493333,1055.99
KPIL,1173.095833,1176.991667,1180.8875,1165.304167,1161.408333,1157.5125
KALYANKJIL,490.8379167,491.5758333,492.31375,489.3620833,488.6241667,487.88625
KARURVYSYA,247.5763333,248.1226667,248.669,246.4836667,245.9373333,245.391
KAYNES,5011.55,5045.1,5078.65,4944.45,4910.9,4877.35
KEC,715.1308333,716.6616667,718.1925,712.0691667,710.5383333,709.0075
KEI,4192.965,4200.83,4208.695,4177.235,4169.37,4161.505
KFINTECH,1078.561667,1081.623333,1084.685,1072.438333,1069.376667,1066.315
KIRLOSBROS,1636.325,1639.35,1642.375,1630.275,1627.25,1624.225
KIRLOSENG,1173.964167,1182.828333,1191.6925,1156.235833,1147.371667,1138.5075
KOTAKBANK,2137.719167,2140.038333,2142.3575,2133.080833,2130.761667,2128.4425
KPITTECH,1272.449167,1275.098333,1277.7475,1267.150833,1264.501667,1261.8525
KPRMILL,985.6716667,988.8433333,992.015,979.3283333,976.1566667,972.985
KIMS,708.0579167,709.5658333,711.07375,705.0420833,703.5341667,702.02625
KSB,757.0495833,758.0991667,759.14875,754.9504167,753.9008333,752.85125
LTF,300.9541667,301.4583333,301.9625,299.9458333,299.4416667,298.9375
LTTS,4707.989167,4730.878333,4753.7675,4662.210833,4639.321667,4616.4325
LT,3987.954167,3992.308333,3996.6625,3979.245833,3974.891667,3970.5375
LATENTVIEW,458.6125,459.575,460.5375,456.6875,455.725,454.7625
LAURUSLABS,1015.305833,1017.111667,1018.9175,1011.694167,1009.888333,1008.0825
THELEELA,404.965,405.68,406.395,403.535,402.82,402.105
LEMONTREE,162.5088333,162.9176667,163.3265,161.6911667,161.2823333,160.8735
LICHSGFIN,547.5458333,548.1416667,548.7375,546.3541667,545.7583333,545.1625
LICI,877.4795833,878.3091667,879.13875,875.8204167,874.9908333,874.16125
LINDEINDIA,5810.495833,5820.991667,5831.4875,5789.504167,5779.008333,5768.5125
LLOYDSME,1197.725,1199.65,1201.575,1193.875,1191.95,1190.025
LODHA,1111.92,1114.34,1116.76,1107.08,1104.66,1102.24
LTFOODS,409.4616667,410.3233333,411.185,407.7383333,406.8766667,406.015
LTIM,6277.9625,6289.925,6301.8875,6254.0375,6242.075,6230.1125
LUPIN,2094.649167,2097.298333,2099.9475,2089.350833,2086.701667,2084.0525
M&MFIN,348.0725,349.145,350.2175,345.9275,344.855,343.7825
MGL,1172.566667,1174.033333,1175.5,1169.633333,1168.166667,1166.7
MAHSCOOTER,14500.78333,14540.56667,14580.35,14421.21667,14381.43333,14341.65
MAHSEAMLES,574.21,575.97,577.73,570.69,568.93,567.17
M&M,3676.916667,3682.233333,3687.55,3666.283333,3660.966667,3655.65
MANAPPURAM,274.6025,274.905,275.2075,273.9975,273.695,273.3925
MANKIND,2208.738333,2211.176667,2213.615,2203.861667,2201.423333,2198.985
MARICO,715.4108333,716.1716667,716.9325,713.8891667,713.1283333,712.3675
MARUTI,16016.73333,16039.46667,16062.2,15971.26667,15948.53333,15925.8
MFSL,1693.5525,1697.705,1701.8575,1685.2475,1681.095,1676.9425
MAXHEALTH,1085.724167,1087.548333,1089.3725,1082.075833,1080.251667,1078.4275
MAZDOCK,2648.991667,2656.783333,2664.575,2633.408333,2625.616667,2617.825
METROPOLIS,1935.930833,1940.761667,1945.5925,1926.269167,1921.438333,1916.6075
MINDACORP,591.6620833,592.5741667,593.48625,589.8379167,588.9258333,588.01375
MMTC,57.83658333,57.97316667,58.10975,57.56341667,57.42683333,57.29025
MSUMI,45.60875,45.6775,45.74625,45.47125,45.4025,45.33375
MOTILALOFS,917.9004167,919.6008333,921.30125,914.4995833,912.7991667,911.09875
MPHASIS,2914.6425,2920.885,2927.1275,2902.1575,2895.915,2889.6725
MRF,153832.1667,154039.3333,154246.5,153417.8333,153210.6667,153003.5
MRPL,157.14525,157.5605,157.97575,156.31475,155.8995,155.48425
MCX,10150.88333,10180.76667,10210.65,10091.11667,10061.23333,10031.35
MUTHOOTFIN,3710.268333,3718.536667,3726.805,3693.731667,3685.463333,3677.195
NH,1940.634167,1943.668333,1946.7025,1934.565833,1931.531667,1928.4975
NATCOPHARM,952.88,956.51,960.14,945.62,941.99,938.36
NATIONALUM,269.525,269.8,270.075,268.975,268.7,268.425
NAVA,530.87875,532.1575,533.43625,528.32125,527.0425,525.76375
NAVINFLUOR,5775.725,5786.45,5797.175,5754.275,5743.55,5732.825
NBCC,112.7363333,112.9526667,113.169,112.3036667,112.0873333,111.871
NCC,169.7513333,170.0226667,170.294,169.2086667,168.9373333,168.666
NESTLEIND,1243.481667,1244.563333,1245.645,1241.318333,1240.236667,1239.155
NETWEB,3210.675,3223.05,3235.425,3185.925,3173.55,3161.175
NEULANDLAB,17034.6,17074.2,17113.8,16955.4,16915.8,16876.2
NEWGEN,903.5575,906.115,908.6725,898.4425,895.885,893.3275
NHPC,76.96333333,77.03666667,77.11,76.81666667,76.74333333,76.67
NAM-INDIA,835.8254167,837.8008333,839.77625,831.8745833,829.8991667,827.92375
NIVABUPA,74.53375,74.6575,74.78125,74.28625,74.1625,74.03875
NLCINDIA,238.0841667,238.4783333,238.8725,237.2958333,236.9016667,236.5075
NMDC,76.09191667,76.21383333,76.33575,75.84808333,75.72616667,75.60425
NSLNISP,41.50875,41.5775,41.64625,41.37125,41.3025,41.23375
NTPCGREEN,91.29916667,91.41833333,91.5375,91.06083333,90.94166667,90.8225
NTPC,323.2433333,323.5366667,323.83,322.6566667,322.3633333,322.07
NUVAMA,7087.758333,7097.016667,7106.275,7069.241667,7059.983333,7050.725
NUVOCO,353.5383333,354.3266667,355.115,351.9616667,351.1733333,350.385
OBEROIRLTY,1667.815833,1671.931667,1676.0475,1659.584167,1655.468333,1651.3525
ONGC,242.5059167,242.7818333,243.05775,241.9540833,241.6781667,241.40225
OIL,408.5808333,409.0116667,409.4425,407.7191667,407.2883333,406.8575
OLAELEC,36.32166667,36.52333333,36.725,35.91833333,35.71666667,35.515
OLECTRA,1243.900833,1248.401667,1252.9025,1234.899167,1230.398333,1225.8975
PAYTM,1331.166667,1333.733333,1336.3,1326.033333,1323.466667,1320.9
ONESOURCE,1672.438333,1677.076667,1681.715,1663.161667,1658.523333,1653.885
OFSS,8206.7625,8222.025,8237.2875,8176.2375,8160.975,8145.7125
PGHH,12688.23333,12705.46667,12722.7,12653.76667,12636.53333,12619.3
PAGEIND,37558.625,37612.25,37665.875,37451.375,37397.75,37344.125
PATANJALI,532.17375,535.5975,539.02125,525.32625,521.9025,518.47875
POLICYBZR,1858.791667,1863.283333,1867.775,1849.808333,1845.316667,1840.825
PCBL,316.2825,316.915,317.5475,315.0175,314.385,313.7525
PERSISTENT,6469.829167,6487.658333,6505.4875,6434.170833,6416.341667,6398.5125
PETRONET,281.8941667,282.8383333,283.7825,280.0058333,279.0616667,278.1175
PFIZER,5007.499167,5013.998333,5020.4975,4994.500833,4988.001667,4981.5025
PGEL,580.9475,582.845,584.7425,577.1525,575.255,573.3575
PIIND,3413.999167,3418.298333,3422.5975,3405.400833,3401.101667,3396.8025
PIDILITIND,1485.745,1486.79,1487.835,1483.655,1482.61,1481.565
PPLPHARMA,181.1158333,181.3816667,181.6475,180.5841667,180.3183333,180.0525
PNBHOUSING,883.6570833,885.0641667,886.47125,880.8429167,879.4358333,878.02875
POLYMED,1913.265833,1915.731667,1918.1975,1908.334167,1905.868333,1903.4025
POLYCAB,7362.204167,7375.908333,7389.6125,7334.795833,7321.091667,7307.3875
POONAWALLA,464.8941667,465.8383333,466.7825,463.0058333,462.0616667,461.1175
PFC,352.42125,352.7925,353.16375,351.67875,351.3075,350.93625
POWERGRID,269.5216667,269.9433333,270.365,268.6783333,268.2566667,267.835
PRAJIND,315.5695833,316.2891667,317.00875,314.1304167,313.4108333,312.69125
PREMIERENE,945.2591667,948.5683333,951.8775,938.6408333,935.3316667,932.0225
PRESTIGE,1662.665,1666.13,1669.595,1655.735,1652.27,1648.805
PTCIL,18325.81667,18391.63333,18457.45,18194.18333,18128.36667,18062.55
PNB,119.7124167,119.8948333,120.07725,119.3475833,119.1651667,118.98275
PVRINOX,1101.6075,1105.815,1110.0225,1093.1925,1088.985,1084.7775
RRKABEL,1396.3925,1397.685,1398.9775,1393.8075,1392.515,1391.2225
RADICO,3221.353333,3226.706667,3232.06,3210.646667,3205.293333,3199.94
RVNL,312.9225,313.445,313.9675,311.8775,311.355,310.8325
RAILTEL,331.2975,332.095,332.8925,329.7025,328.905,328.1075
RAINBOW,1349.011667,1350.423333,1351.835,1346.188333,1344.776667,1343.365
RKFORGE,532.0141667,532.6283333,533.2425,530.7858333,530.1716667,529.5575
RCF,135.6678333,135.8456667,136.0235,135.3121667,135.1343333,134.9565
RBLBANK,299.1925,299.935,300.6775,297.7075,296.965,296.2225
RECLTD,353.1625,353.575,353.9875,352.3375,351.925,351.5125
REDINGTON,279.0675,279.535,280.0025,278.1325,277.665,277.1975
RELIANCE,1539.5325,1543.465,1547.3975,1531.6675,1527.735,1523.8025
RPOWER,38.26891667,38.35783333,38.44675,38.09108333,38.00216667,37.91325
RHIM,453.3883333,454.1766667,454.965,451.8116667,451.0233333,450.235
RITES,229.524,229.788,230.052,228.996,228.732,228.468
SAGILITY,50.10516667,50.18033333,50.2555,49.95483333,49.87966667,49.8045
SAILIFE,869.0766667,870.6533333,872.23,865.9233333,864.3466667,862.77
SAMMAANCAP,150.361,151.032,151.703,149.019,148.348,147.677
MOTHERSON,117.71125,117.8625,118.01375,117.40875,117.2575,117.10625
SAPPHIRE,255.0525,255.795,256.5375,253.5675,252.825,252.0825
SARDAEN,481.6575,482.565,483.4725,479.8425,478.935,478.0275
SAREGAMA,368.6954167,369.2408333,369.78625,367.6045833,367.0591667,366.51375
SBFC,106.0199167,106.1198333,106.21975,105.8200833,105.7201667,105.62025
SBICARD,857.8341667,859.7683333,861.7025,853.9658333,852.0316667,850.0975
SBILIFE,2007.483333,2012.066667,2016.65,1998.316667,1993.733333,1989.15
SCHAEFFLER,3894.933333,3900.066667,3905.2,3884.666667,3879.533333,3874.4
SCHNEIDER,764.4483333,766.4466667,768.445,760.4516667,758.4533333,756.455
SCI,229.2594167,229.8488333,230.43825,228.0805833,227.4911667,226.90175
SHREECEM,26478.41667,26506.83333,26535.25,26421.58333,26393.16667,26364.75
SHRIRAMFIN,829.525,830.9,832.275,826.775,825.4,824.025
SHYAMMETL,802.1945833,803.1891667,804.18375,800.2054167,799.2108333,798.21625
ENRIN,3109.866667,3119.033333,3128.2,3091.533333,3082.366667,3073.2
SIEMENS,3368.183333,3373.866667,3379.55,3356.816667,3351.133333,3345.45
SIGNATURE,1120.635833,1122.771667,1124.9075,1116.364167,1114.228333,1112.0925
SJVN,75.48083333,75.58166667,75.6825,75.27916667,75.17833333,75.0775
SKFINDIA,1898.858333,1905.916667,1912.975,1884.741667,1877.683333,1870.625
SOBHA,1542.071667,1545.243333,1548.415,1535.728333,1532.556667,1529.385
SOLARINDS,12967.30833,12993.61667,13019.925,12914.69167,12888.38333,12862.075
SONACOMS,500.8554167,502.0608333,503.26625,498.4445833,497.2391667,496.03375
SONATSOFTW,366.5629167,367.5758333,368.58875,364.5370833,363.5241667,362.51125
SRF,2843.189167,2846.278333,2849.3675,2837.010833,2833.921667,2830.8325
STARHEALTH,466.0770833,467.1541667,468.23125,463.9229167,462.8458333,461.76875
SBIN,948.8425,949.585,950.3275,947.3575,946.615,945.8725
SAIL,132.382,132.624,132.866,131.898,131.656,131.414
SUMICHEM,466.3675,467.385,468.4025,464.3325,463.315,462.2975
SUNPHARMA,1820.5825,1822.865,1825.1475,1816.0175,1813.735,1811.4525
SUNTV,554.3183333,554.8866667,555.455,553.1816667,552.6133333,552.045
SUNDARMFIN,4675.720833,4683.741667,4691.7625,4659.679167,4651.658333,4643.6375
SUNDRMFAST,939.1383333,940.4766667,941.815,936.4616667,935.1233333,933.785
SUPREMEIND,3346.6,3352.1,3357.6,3335.6,3330.1,3324.6
SUZLON,51.05533333,51.26066667,51.466,50.64466667,50.43933333,50.234
SWANCORP,455.0058333,456.2616667,457.5175,452.4941667,451.2383333,449.9825
SWIGGY,402.3291667,403.1083333,403.8875,400.7708333,399.9916667,399.2125
SYNGENE,643.62875,644.9075,646.18625,641.07125,639.7925,638.51375
SYRMA,788.0054167,789.7608333,791.51625,784.4945833,782.7391667,780.98375
TATACHEM,782.8516667,783.6033333,784.355,781.3483333,780.5966667,779.845
TATACOMM,1850.255833,1853.711667,1857.1675,1843.344167,1839.888333,1836.4325
TCS,3234.938333,3240.676667,3246.415,3223.461667,3217.723333,3211.985
TATACONSUM,1149.949167,1151.498333,1153.0475,1146.850833,1145.301667,1143.7525
TATAELXSI,5224.520833,5232.541667,5240.5625,5208.479167,5200.458333,5192.4375
TATAINVEST,717.1729167,718.8458333,720.51875,713.8270833,712.1541667,710.48125
TMPV,356.9266667,357.4033333,357.88,355.9733333,355.4966667,355.02
TATAPOWER,384.8945833,385.3391667,385.78375,384.0054167,383.5608333,383.11625
TATASTEEL,166.93225,167.0945,167.25675,166.60775,166.4455,166.28325
TATATECH,675.1833333,675.9166667,676.65,673.7166667,672.9833333,672.25
TTML,50.41166667,50.50333333,50.595,50.22833333,50.13666667,50.045
TBOTEK,1675.388333,1679.476667,1683.565,1667.211667,1663.123333,1659.035
TECHM,1565.673333,1569.046667,1572.42,1558.926667,1555.553333,1552.18
TECHNOE,1111.605,1115.51,1119.415,1103.795,1099.89,1095.985
TEJASNET,503.2520833,504.0541667,504.85625,501.6479167,500.8458333,500.04375
GESHIP,1105.833333,1107.666667,1109.5,1102.166667,1100.333333,1098.5
INDIACEM,415.7845833,419.4191667,423.05375,408.5154167,404.8808333,401.24625
INDHOTEL,730.4345833,731.3191667,732.20375,728.6654167,727.7808333,726.89625
NIACL,163.6278333,163.9156667,164.2035,163.0521667,162.7643333,162.4765
PHOENIXLTD,1736.245,1738.39,1740.535,1731.955,1729.81,1727.665
RAMCOCEM,1016.985833,1018.571667,1020.1575,1013.814167,1012.228333,1010.6425
THERMAX,2873.1425,2877.185,2881.2275,2865.0575,2861.015,2856.9725
TIMKEN,3142.808333,3151.516667,3160.225,3125.391667,3116.683333,3107.975
TITAGARH,790.4875,792.275,794.0625,786.9125,785.125,783.3375
TITAN,3805.166667,3809.933333,3814.7,3795.633333,3790.866667,3786.1
TORNTPHARM,3803.7575,3811.815,3819.8725,3787.6425,3779.585,3771.5275
TORNTPOWER,1302.055833,1304.411667,1306.7675,1297.344167,1294.988333,1292.6325
TARIL,245.1975,245.995,246.7925,243.6025,242.805,242.0075
TRENT,4222.555833,4229.311667,4236.0675,4209.044167,4202.288333,4195.5325
TRIDENT,28.00291667,28.02583333,28.04875,27.95708333,27.93416667,27.91125
TRIVENI,354.41375,354.9775,355.54125,353.28625,352.7225,352.15875
TRITURBINE,538.86875,539.4875,540.10625,537.63125,537.0125,536.39375
TIINDIA,2708.155833,2712.711667,2717.2675,2699.044167,2694.488333,2689.9325
TVSMOTOR,3651.120833,3655.841667,3660.5625,3641.679167,3636.958333,3632.2375
UCOBANK,29.73233333,29.79466667,29.857,29.60766667,29.54533333,29.483
ULTRACEMCO,11617.80833,11627.61667,11637.425,11598.19167,11588.38333,11578.575
UNIONBANK,152.716,153.002,153.288,152.144,151.858,151.572
UBL,1698.855,1704.41,1709.965,1687.745,1682.19,1676.635
UNITDSPR,1433.916667,1435.933333,1437.95,1429.883333,1427.866667,1425.85
UNOMINDA,1273.669167,1275.438333,1277.2075,1270.130833,1268.361667,1266.5925
UPL,757.7058333,758.9616667,760.2175,755.1941667,753.9383333,752.6825
USHAMART,438.6295833,441.1091667,443.58875,433.6704167,431.1908333,428.71125
UTIAMC,1146.015,1147.83,1149.645,1142.385,1140.57,1138.755
VGUARD,338.4354167,338.8708333,339.30625,337.5645833,337.1291667,336.69375
DBREALTY,122.6875,123.155,123.6225,121.7525,121.285,120.8175
VTL,432.6545833,433.2091667,433.76375,431.5454167,430.9908333,430.43625
VBL,481.2566667,482.6133333,483.97,478.5433333,477.1866667,475.83
MANYAVAR,605.51,606.17,606.83,604.19,603.53,602.87
VEDL,531.0020833,532.3541667,533.70625,528.2979167,526.9458333,525.59375
VENTIVE,722.1583333,723.7166667,725.275,719.0416667,717.4833333,715.925
VIJAYA,1090.02375,1100.0475,1110.07125,1069.97625,1059.9525,1049.92875
VMM,133.9575833,134.1051667,134.25275,133.6624167,133.5148333,133.36725
IDEA,10.73866667,10.79733333,10.856,10.62133333,10.56266667,10.504
VOLTAS,1331.031667,1332.663333,1334.295,1327.768333,1326.136667,1324.505
WAAREEENER,2998.325,3012.35,3026.375,2970.275,2956.25,2942.225
WELCORP,828.60875,829.6675,830.72625,826.49125,825.4325,824.37375
WELSPUNLIV,137.0644167,137.3788333,137.69325,136.4355833,136.1211667,135.80675
WHIRLPOOL,982.3083333,985.5166667,988.725,975.8916667,972.6833333,969.475
WIPRO,257.2325,257.535,257.8375,256.6275,256.325,256.0225
WOCKPHARMA,1342.1025,1352.305,1362.5075,1321.6975,1311.495,1301.2925
YESBANK,22.81866667,22.87733333,22.936,22.70133333,22.64266667,22.584
ZEEL,98.06641667,98.29283333,98.51925,97.61358333,97.38716667,97.16075
ZENTEC,1376.249167,1377.798333,1379.3475,1373.150833,1371.601667,1370.0525
ZENSARTECH,752.6979167,754.6458333,756.59375,748.8020833,746.8541667,744.90625
ZFCVINDIA,14899.65,14934.3,14968.95,14830.35,14795.7,14761.05
ZYDUSLIFE,936.8133333,937.8766667,938.94,934.6866667,933.6233333,932.56
